{
  "n": 1786,
  "n_change": 1578,
  "n_nochange": 208,
  "bootstrap": 1000,
  "paired": true,
  "metrics": {
    "ROUGE-L": {
      "overall": {
        "n": 1786,
        "base": 0.29887148255734197,
        "ddatr": 0.36195147644501174,
        "delta": 0.06307999388766977,
        "ci_lo": 0.056444372909470186,
        "ci_hi": 0.06983621221246489,
        "p": 0.0
      },
      "change": {
        "n": 1578,
        "base": 0.2951537242697825,
        "ddatr": 0.353928690131357,
        "delta": 0.058774965861574546,
        "ci_lo": 0.051588299642137736,
        "ci_hi": 0.06559957475654685,
        "p": 0.0
      },
      "no-change": {
        "n": 208,
        "base": 0.3270763987966151,
        "ddatr": 0.42281665338225705,
        "delta": 0.09574025458564195,
        "ci_lo": 0.0703888880525069,
        "ci_hi": 0.12266245282132175,
        "p": 0.0
      }
    },
    "METEOR": {
      "overall": {
        "n": 1786,
        "base": 0.2743785069286611,
        "ddatr": 0.3344223926978859,
        "delta": 0.06004388576922476,
        "ci_lo": 0.05224211715854199,
        "ci_hi": 0.06759687584509629,
        "p": 0.0
      },
      "change": {
        "n": 1578,
        "base": 0.27058282362659936,
        "ddatr": 0.3263479137670802,
        "delta": 0.055765090140480866,
        "ci_lo": 0.04866616691687383,
        "ci_hi": 0.06291185621631751,
        "p": 0.0
      },
      "no-change": {
        "n": 208,
        "base": 0.30317460428757204,
        "ddatr": 0.39567973766332504,
        "delta": 0.092505133375753,
        "ci_lo": 0.06517450233695392,
        "ci_hi": 0.11980187457135127,
        "p": 0.0
      }
    },
    "BLEU-4": {
      "overall": {
        "n": 1786,
        "base": 0.11498896558920445,
        "ddatr": 0.1684415929900252,
        "delta": 0.053452627400820754,
        "ci_lo": 0.04741238326596721,
        "ci_hi": 0.059847311005375756,
        "p": 0.0
      },
      "change": {
        "n": 1578,
        "base": 0.11320429849744554,
        "ddatr": 0.16422871829837882,
        "delta": 0.05102441980093328,
        "ci_lo": 0.04506132992007082,
        "ci_hi": 0.05753568928574802,
        "p": 0.0
      },
      "no-change": {
        "n": 208,
        "base": 0.13203058513731608,
        "ddatr": 0.21162961544111733,
        "delta": 0.07959903030380125,
        "ci_lo": 0.05506749782846329,
        "ci_hi": 0.10526026161671158,
        "p": 0.0
      }
    },
    "RadGraph-F1": {
      "overall": {
        "n": 1786,
        "base": 0.267966862020603,
        "ddatr": 0.315381424591082,
        "delta": 0.04741456257047899,
        "ci_lo": 0.039921002039332826,
        "ci_hi": 0.05517058357636644,
        "p": 0.0
      },
      "change": {
        "n": 1578,
        "base": 0.26279574872886236,
        "ddatr": 0.30836641819120325,
        "delta": 0.045570669462340896,
        "ci_lo": 0.03721274121179879,
        "ci_hi": 0.05337840968210688,
        "p": 0.0
      },
      "no-change": {
        "n": 208,
        "base": 0.30719771189736617,
        "ddatr": 0.3686010404517007,
        "delta": 0.06140332855433456,
        "ci_lo": 0.032390723403874035,
        "ci_hi": 0.09252386639229473,
        "p": 0.0
      }
    },
    "CheXbert-F1 micro": {
      "overall": {
        "n": 1786,
        "base": 0.5636327424815774,
        "ddatr": 0.5725443075998798,
        "delta": 0.008911565118302489
      },
      "change": {
        "n": 1578,
        "base": 0.5637833114897335,
        "ddatr": 0.573247009766268,
        "delta": 0.009463698276534482
      },
      "no-change": {
        "n": 208,
        "base": 0.5620767494356659,
        "ddatr": 0.5652173913043478,
        "delta": 0.0031406418686819038
      }
    },
    "CheXbert-F1 macro": {
      "overall": {
        "n": 1786,
        "base": 0.44283701296904654,
        "ddatr": 0.44159199048423453,
        "delta": -0.0012450224848120084
      },
      "change": {
        "n": 1578,
        "base": 0.4344412772819847,
        "ddatr": 0.4352285973281592,
        "delta": 0.0007873200461745444
      },
      "no-change": {
        "n": 208,
        "base": 0.41324489330756886,
        "ddatr": 0.3753830564503226,
        "delta": -0.037861836857246256
      }
    }
  }
}