{
  "n": 1786,
  "n_change": 1578,
  "n_nochange": 208,
  "bootstrap": 5,
  "metrics": {
    "BLEU-4": {
      "overall": {
        "n": 1786,
        "without": 0.11498896558920445,
        "with_": 0.11134172983009183,
        "delta": -0.0036472357591126187,
        "ci_lo": -0.004192755345337031,
        "ci_hi": -0.0035406412184018675,
        "p": 0.0
      },
      "change": {
        "n": 1578,
        "without": 0.11320429849744554,
        "with_": 0.10907369081817885,
        "delta": -0.004130607679266693,
        "ci_lo": -0.004603501677488464,
        "ci_hi": -0.0038427486974556197,
        "p": 0.0
      },
      "no-change": {
        "n": 208,
        "without": 0.13203058513731608,
        "with_": 0.13364079954367172,
        "delta": 0.0016102144063556423,
        "ci_lo": 0.0002651179374757506,
        "ci_hi": 0.0016081745653869785,
        "p": 0.0
      }
    },
    "ROUGE-L": {
      "overall": {
        "n": 1786,
        "without": 0.29887148255734197,
        "with_": 0.29254240337313997,
        "delta": -0.006329079184202002,
        "ci_lo": -0.006793057401241864,
        "ci_hi": -0.005455433171599339,
        "p": 0.0
      },
      "change": {
        "n": 1578,
        "without": 0.2951537242697825,
        "with_": 0.288259909358424,
        "delta": -0.006893814911358487,
        "ci_lo": -0.00801994912810467,
        "ci_hi": -0.006674442261781366,
        "p": 0.0
      },
      "no-change": {
        "n": 208,
        "without": 0.32707639879661515,
        "with_": 0.32503170892709105,
        "delta": -0.002044689869524108,
        "ci_lo": -0.002924957583717308,
        "ci_hi": -0.0003753870797300274,
        "p": 0.0
      }
    },
    "METEOR": {
      "overall": {
        "n": 1786,
        "without": 0.0,
        "with_": 0.0,
        "delta": 0.0,
        "ci_lo": 0.0,
        "ci_hi": 0.0,
        "p": 1.0
      },
      "change": {
        "n": 1578,
        "without": 0.0,
        "with_": 0.0,
        "delta": 0.0,
        "ci_lo": 0.0,
        "ci_hi": 0.0,
        "p": 1.0
      },
      "no-change": {
        "n": 208,
        "without": 0.0,
        "with_": 0.0,
        "delta": 0.0,
        "ci_lo": 0.0,
        "ci_hi": 0.0,
        "p": 1.0
      }
    }
  }
}