{
  "n": 1786,
  "n_change": 1578,
  "n_nochange": 208,
  "bootstrap": 1000,
  "metrics": {
    "BLEU-4": {
      "overall": {
        "n": 1786,
        "without": 0.11498896558920445,
        "with_": 0.11134172983009183,
        "delta": -0.0036472357591126187,
        "ci_lo": -0.004960224575282904,
        "ci_hi": -0.002462894647872554,
        "p": 0.0
      },
      "change": {
        "n": 1578,
        "without": 0.11320429849744554,
        "with_": 0.10907369081817885,
        "delta": -0.004130607679266693,
        "ci_lo": -0.005464145093081753,
        "ci_hi": -0.0027882407091086867,
        "p": 0.0
      },
      "no-change": {
        "n": 208,
        "without": 0.13203058513731608,
        "with_": 0.13364079954367172,
        "delta": 0.0016102144063556423,
        "ci_lo": -0.00014595725566975517,
        "ci_hi": 0.0034536096598818456,
        "p": 0.076
      }
    },
    "ROUGE-L": {
      "overall": {
        "n": 1786,
        "without": 0.29887148255734197,
        "with_": 0.29254240337313997,
        "delta": -0.006329079184202002,
        "ci_lo": -0.007590661215366196,
        "ci_hi": -0.005095614717845075,
        "p": 0.0
      },
      "change": {
        "n": 1578,
        "without": 0.2951537242697825,
        "with_": 0.288259909358424,
        "delta": -0.006893814911358487,
        "ci_lo": -0.008236212984133396,
        "ci_hi": -0.0055150446994832,
        "p": 0.0
      },
      "no-change": {
        "n": 208,
        "without": 0.32707639879661515,
        "with_": 0.32503170892709105,
        "delta": -0.002044689869524108,
        "ci_lo": -0.004690597925961981,
        "ci_hi": 0.0008176630979531854,
        "p": 0.16
      }
    },
    "METEOR": {
      "overall": {
        "n": 1786,
        "without": 0.2743785069286611,
        "with_": 0.2740302190241397,
        "delta": -0.0003482879045214049,
        "ci_lo": -0.0019311964462672068,
        "ci_hi": 0.0010553149290312507,
        "p": 0.676
      },
      "change": {
        "n": 1578,
        "without": 0.27058282362659936,
        "with_": 0.2697901226030475,
        "delta": -0.0007927010235518339,
        "ci_lo": -0.0023844717300349205,
        "ci_hi": 0.0006453796992854588,
        "p": 0.33
      },
      "no-change": {
        "n": 208,
        "without": 0.30317460428757204,
        "with_": 0.30619787360338696,
        "delta": 0.003023269315814925,
        "ci_lo": -0.0003665015535029903,
        "ci_hi": 0.006663381453279597,
        "p": 0.082
      }
    },
    "RadGraph-F1": {
      "overall": {
        "n": 1786,
        "without": 0.267966862020603,
        "with_": 0.26547473852163905,
        "delta": -0.0024921234989639385,
        "ci_lo": -0.004065726443501734,
        "ci_hi": -0.000757185753727078,
        "p": 0.006
      },
      "change": {
        "n": 1578,
        "without": 0.26279574872886236,
        "with_": 0.260051308931845,
        "delta": -0.0027444397970173284,
        "ci_lo": -0.0045334681316734115,
        "ci_hi": -0.0008207617865681742,
        "p": 0.004
      },
      "no-change": {
        "n": 208,
        "without": 0.3071977118973662,
        "with_": 0.3066197956980569,
        "delta": -0.0005779161993093029,
        "ci_lo": -0.0034607100487688306,
        "ci_hi": 0.0021016973205488475,
        "p": 0.674
      }
    }
  }
}