{
  "n": 1786,
  "n_change": 1578,
  "n_nochange": 208,
  "bootstrap": 1000,
  "metrics": {
    "BLEU-4": {
      "overall": {
        "n": 1786,
        "without": 0.11498896558920445,
        "with_": 0.11424320110333068,
        "delta": -0.0007457644858737678,
        "ci_lo": -0.0016499350529307608,
        "ci_hi": 3.389743973816055e-05,
        "p": 0.062
      },
      "change": {
        "n": 1578,
        "without": 0.11320429849744554,
        "with_": 0.11235812626498275,
        "delta": -0.0008461722324627913,
        "ci_lo": -0.0018081497386762014,
        "ci_hi": 2.0302484855772613e-05,
        "p": 0.056
      },
      "no-change": {
        "n": 208,
        "without": 0.13203058513731608,
        "with_": 0.13255830370596042,
        "delta": 0.0005277185686443364,
        "ci_lo": -0.0003386925672521197,
        "ci_hi": 0.001496702174399801,
        "p": 0.24
      }
    },
    "ROUGE-L": {
      "overall": {
        "n": 1786,
        "without": 0.29887148255734197,
        "with_": 0.29602297366298874,
        "delta": -0.00284850889435323,
        "ci_lo": -0.003736214677441707,
        "ci_hi": -0.0019922929093833157,
        "p": 0.0
      },
      "change": {
        "n": 1578,
        "without": 0.2951537242697825,
        "with_": 0.29218792725078363,
        "delta": -0.0029657970189988503,
        "ci_lo": -0.0038823280973473246,
        "ci_hi": -0.0019147004614393822,
        "p": 0.0
      },
      "no-change": {
        "n": 208,
        "without": 0.32707639879661515,
        "with_": 0.3251177007709677,
        "delta": -0.001958698025647465,
        "ci_lo": -0.0035034205909950226,
        "ci_hi": -0.0004739652491505973,
        "p": 0.01
      }
    },
    "METEOR": {
      "overall": {
        "n": 1786,
        "without": 0.2743785069286611,
        "with_": 0.2755859174931564,
        "delta": 0.0012074105644953037,
        "ci_lo": 0.0001952707248593908,
        "ci_hi": 0.0021963791391939476,
        "p": 0.018
      },
      "change": {
        "n": 1578,
        "without": 0.27058282362659936,
        "with_": 0.2718656221021737,
        "delta": 0.0012827984755743316,
        "ci_lo": 0.00016684288607804882,
        "ci_hi": 0.0023713880667674196,
        "p": 0.018
      },
      "no-change": {
        "n": 208,
        "without": 0.30317460428757204,
        "with_": 0.3038100815651311,
        "delta": 0.0006354772775590822,
        "ci_lo": -0.0013756676616644037,
        "ci_hi": 0.0030074068289224834,
        "p": 0.534
      }
    },
    "RadGraph-F1": {
      "overall": {
        "n": 1786,
        "without": 0.267966862020603,
        "with_": 0.27575192687328925,
        "delta": 0.007785064852686263,
        "ci_lo": 0.006786662391514946,
        "ci_hi": 0.00881708378035467,
        "p": 0.0
      },
      "change": {
        "n": 1578,
        "without": 0.26279574872886236,
        "with_": 0.27109619140006175,
        "delta": 0.008300442671199393,
        "ci_lo": 0.007172971095630818,
        "ci_hi": 0.009427744503351968,
        "p": 0.0
      },
      "no-change": {
        "n": 208,
        "without": 0.3071977118973662,
        "with_": 0.311072843107679,
        "delta": 0.003875131210312799,
        "ci_lo": 0.0021811609522049925,
        "ci_hi": 0.005783067197138507,
        "p": 0.0
      }
    },
    "CheXbert-F1 micro (point)": {
      "overall": {
        "n": 1786,
        "without": 0.5636327424815774,
        "with_": 0.5640310695080661,
        "delta": 0.00039832702648878726
      },
      "change": {
        "n": 1578,
        "without": 0.5637833114897335,
        "with_": 0.5640633533588203,
        "delta": 0.00028004186908681117
      },
      "no-change": {
        "n": 208,
        "without": 0.5620767494356659,
        "with_": 0.5636978579481398,
        "delta": 0.0016211085124738789
      }
    },
    "CheXbert-F1 macro (point)": {
      "overall": {
        "n": 1786,
        "without": 0.44283701296904654,
        "with_": 0.44233201285652984,
        "delta": -0.0005050001125166959
      },
      "change": {
        "n": 1578,
        "without": 0.4344412772819847,
        "with_": 0.4343655165070896,
        "delta": -7.576077489507282e-05
      },
      "no-change": {
        "n": 208,
        "without": 0.41324489330756886,
        "with_": 0.4141611243652788,
        "delta": 0.0009162310577099375
      }
    }
  }
}