{
  "n": 1786,
  "n_change": 1578,
  "n_nochange": 208,
  "bootstrap": 1000,
  "metrics": {
    "BLEU-4": {
      "overall": {
        "n": 1786,
        "without": 0.11498896558920445,
        "with_": 0.11153306372156549,
        "delta": -0.003455901867638958,
        "ci_lo": -0.004750276381651768,
        "ci_hi": -0.0022927434766835176,
        "p": 0.0
      },
      "change": {
        "n": 1578,
        "without": 0.11320429849744554,
        "with_": 0.10928497617884485,
        "delta": -0.00391932231860069,
        "ci_lo": -0.005245369063896577,
        "ci_hi": -0.0026028947669687395,
        "p": 0.0
      },
      "no-change": {
        "n": 208,
        "without": 0.13203058513731608,
        "with_": 0.13363053243874304,
        "delta": 0.0015999473014269572,
        "ci_lo": -0.00013922645658498157,
        "ci_hi": 0.0034532351702474106,
        "p": 0.074
      }
    },
    "ROUGE-L": {
      "overall": {
        "n": 1786,
        "without": 0.29887148255734197,
        "with_": 0.29282413492803855,
        "delta": -0.006047347629303423,
        "ci_lo": -0.007236865991167314,
        "ci_hi": -0.0048224629968806705,
        "p": 0.0
      },
      "change": {
        "n": 1578,
        "without": 0.2951537242697825,
        "with_": 0.2885491835619738,
        "delta": -0.006604540707808693,
        "ci_lo": -0.00795826141595653,
        "ci_hi": -0.005229118163853303,
        "p": 0.0
      },
      "no-change": {
        "n": 208,
        "without": 0.32707639879661515,
        "with_": 0.32525621788789477,
        "delta": -0.0018201809087203813,
        "ci_lo": -0.004524108475188653,
        "ci_hi": 0.001112240805921795,
        "p": 0.208
      }
    },
    "METEOR": {
      "overall": {
        "n": 1786,
        "without": 0.2743785069286611,
        "with_": 0.2739958051128011,
        "delta": -0.0003827018158600315,
        "ci_lo": -0.001877829384453736,
        "ci_hi": 0.000971390660613977,
        "p": 0.618
      },
      "change": {
        "n": 1578,
        "without": 0.27058282362659936,
        "with_": 0.2697235072178873,
        "delta": -0.000859316408712063,
        "ci_lo": -0.002410833382907798,
        "ci_hi": 0.0006105088999766118,
        "p": 0.266
      },
      "no-change": {
        "n": 208,
        "without": 0.30317460428757204,
        "with_": 0.3064077574117146,
        "delta": 0.0032331531241425737,
        "ci_lo": 3.989846594392723e-05,
        "ci_hi": 0.006814219956527528,
        "p": 0.048
      }
    },
    "RadGraph-F1": {
      "overall": {
        "n": 1786,
        "without": 0.267966862020603,
        "with_": 0.2659138667480212,
        "delta": -0.0020529952725817924,
        "ci_lo": -0.0035627213195254135,
        "ci_hi": -0.00045912095106031485,
        "p": 0.014
      },
      "change": {
        "n": 1578,
        "without": 0.26279574872886236,
        "with_": 0.26054546085460994,
        "delta": -0.00225028787425241,
        "ci_lo": -0.00400757556653408,
        "ci_hi": -0.00042980879929229316,
        "p": 0.012
      },
      "no-change": {
        "n": 208,
        "without": 0.3071977118973662,
        "with_": 0.30664148453553525,
        "delta": -0.0005562273618309743,
        "ci_lo": -0.0033773515748511244,
        "ci_hi": 0.002152362597777629,
        "p": 0.706
      }
    },
    "CheXbert-F1 micro (point)": {
      "overall": {
        "n": 1786,
        "without": 0.5636327424815774,
        "with_": 0.5681297899870608,
        "delta": 0.004497047505483409
      },
      "change": {
        "n": 1578,
        "without": 0.5637833114897335,
        "with_": 0.568246341996069,
        "delta": 0.0044630305063355635
      },
      "no-change": {
        "n": 208,
        "without": 0.5620767494356659,
        "with_": 0.5669291338582677,
        "delta": 0.00485238442260183
      }
    },
    "CheXbert-F1 macro (point)": {
      "overall": {
        "n": 1786,
        "without": 0.44283701296904654,
        "with_": 0.44684315640915784,
        "delta": 0.004006143440111298
      },
      "change": {
        "n": 1578,
        "without": 0.4344412772819847,
        "with_": 0.4389701777178518,
        "delta": 0.0045289004358671225
      },
      "no-change": {
        "n": 208,
        "without": 0.41324489330756886,
        "with_": 0.41629888086003664,
        "delta": 0.003053987552467774
      }
    }
  }
}